-- phpMyAdmin SQL Dump
-- version 5.2.1
-- https://www.phpmyadmin.net/
--
-- Host: 127.0.0.1
-- Waktu pembuatan: 22 Des 2024 pada 16.02
-- Versi server: 10.4.32-MariaDB
-- Versi PHP: 8.2.12

SET SQL_MODE = "NO_AUTO_VALUE_ON_ZERO";
START TRANSACTION;
SET time_zone = "+00:00";


/*!40101 SET @OLD_CHARACTER_SET_CLIENT=@@CHARACTER_SET_CLIENT */;
/*!40101 SET @OLD_CHARACTER_SET_RESULTS=@@CHARACTER_SET_RESULTS */;
/*!40101 SET @OLD_COLLATION_CONNECTION=@@COLLATION_CONNECTION */;
/*!40101 SET NAMES utf8mb4 */;

--
-- Database: `perpustakaan`
--

-- --------------------------------------------------------

--
-- Struktur dari tabel `anggota`
--

CREATE TABLE `anggota` (
  `id_anggota` int(11) NOT NULL,
  `nama` varchar(100) NOT NULL,
  `alamat` text NOT NULL,
  `no_telepon` varchar(15) NOT NULL
) ENGINE=InnoDB DEFAULT CHARSET=utf8mb4 COLLATE=utf8mb4_general_ci;

--
-- Dumping data untuk tabel `anggota`
--

INSERT INTO `anggota` (`id_anggota`, `nama`, `alamat`, `no_telepon`) VALUES
(1, 'Arya Tony Saputra', 'Banjar Sari', '085849566645'),
(2, 'Ahmad Irwansyah', 'Waringin Tunggal', '085752305804'),
(3, 'Muhammad Salmani', 'Kepayang', '082130074714'),
(4, 'Naila Nur Azizah Musgamy', 'Karang Indah', '081160600818'),
(5, 'Sinta Kasih', 'Waringin Tunggal', '085754357425'),
(6, 'Yohanes Kriswanto Nyahu', 'Mustika', '082350366294');

-- --------------------------------------------------------

--
-- Struktur dari tabel `buku`
--

CREATE TABLE `buku` (
  `id_buku` int(11) NOT NULL,
  `judul_buku` varchar(150) NOT NULL,
  `pengarang` varchar(100) DEFAULT NULL,
  `penerbit` varchar(100) DEFAULT NULL,
  `tahun_terbit` int(11) DEFAULT NULL
) ENGINE=InnoDB DEFAULT CHARSET=utf8mb4 COLLATE=utf8mb4_general_ci;

--
-- Dumping data untuk tabel `buku`
--

INSERT INTO `buku` (`id_buku`, `judul_buku`, `pengarang`, `penerbit`, `tahun_terbit`) VALUES
(1, 'Pemrograman Dasar', 'Andi Wijaya', 'Erlangga', 2020),
(2, 'Database Modern', 'Ratna Sari', 'Gramedia', 2018),
(3, 'Algoritma Pemrograman', 'Hendra Gunawan', 'Ganesha Press', 2019);

-- --------------------------------------------------------

--
-- Struktur dari tabel `detail_peminjaman`
--

CREATE TABLE `detail_peminjaman` (
  `id_detail` int(11) NOT NULL,
  `id_peminjaman` int(11) DEFAULT NULL,
  `id_buku` int(11) DEFAULT NULL,
  `tanggal_kembali` date DEFAULT NULL
) ENGINE=InnoDB DEFAULT CHARSET=utf8mb4 COLLATE=utf8mb4_general_ci;

--
-- Dumping data untuk tabel `detail_peminjaman`
--

INSERT INTO `detail_peminjaman` (`id_detail`, `id_peminjaman`, `id_buku`, `tanggal_kembali`) VALUES
(1, 1, 1, '2024-12-22'),
(2, 2, 2, '2024-12-23');

-- --------------------------------------------------------

--
-- Struktur dari tabel `peminjaman`
--

CREATE TABLE `peminjaman` (
  `id_peminjaman` int(11) NOT NULL,
  `id_anggota` int(11) DEFAULT NULL,
  `id_petugas` int(11) DEFAULT NULL,
  `tanggal_peminjaman` date DEFAULT NULL
) ENGINE=InnoDB DEFAULT CHARSET=utf8mb4 COLLATE=utf8mb4_general_ci;

--
-- Dumping data untuk tabel `peminjaman`
--

INSERT INTO `peminjaman` (`id_peminjaman`, `id_anggota`, `id_petugas`, `tanggal_peminjaman`) VALUES
(1, 1, 1, '2024-12-15'),
(2, 2, 2, '2024-12-16');

-- --------------------------------------------------------

--
-- Struktur dari tabel `pengembalian`
--

CREATE TABLE `pengembalian` (
  `id_pengembalian` int(11) NOT NULL,
  `id_detail` int(11) DEFAULT NULL,
  `tanggal_pengembalian` date DEFAULT NULL,
  `denda` int(11) DEFAULT NULL
) ENGINE=InnoDB DEFAULT CHARSET=utf8mb4 COLLATE=utf8mb4_general_ci;

--
-- Dumping data untuk tabel `pengembalian`
--

INSERT INTO `pengembalian` (`id_pengembalian`, `id_detail`, `tanggal_pengembalian`, `denda`) VALUES
(1, 1, '2024-12-22', 0),
(2, 2, '2024-12-23', 5000);

--
-- Indexes for dumped tables
--

--
-- Indeks untuk tabel `anggota`
--
ALTER TABLE `anggota`
  ADD PRIMARY KEY (`id_anggota`);

--
-- Indeks untuk tabel `buku`
--
ALTER TABLE `buku`
  ADD PRIMARY KEY (`id_buku`);

--
-- Indeks untuk tabel `detail_peminjaman`
--
ALTER TABLE `detail_peminjaman`
  ADD PRIMARY KEY (`id_detail`),
  ADD KEY `id_peminjaman` (`id_peminjaman`),
  ADD KEY `id_buku` (`id_buku`);

--
-- Indeks untuk tabel `peminjaman`
--
ALTER TABLE `peminjaman`
  ADD PRIMARY KEY (`id_peminjaman`),
  ADD KEY `id_anggota` (`id_anggota`),
  ADD KEY `id_petugas` (`id_petugas`);

--
-- Indeks untuk tabel `pengembalian`
--
ALTER TABLE `pengembalian`
  ADD PRIMARY KEY (`id_pengembalian`),
  ADD KEY `id_detail` (`id_detail`);

--
-- AUTO_INCREMENT untuk tabel yang dibuang
--

--
-- AUTO_INCREMENT untuk tabel `anggota`
--
ALTER TABLE `anggota`
  MODIFY `id_anggota` int(11) NOT NULL AUTO_INCREMENT, AUTO_INCREMENT=7;

--
-- AUTO_INCREMENT untuk tabel `buku`
--
ALTER TABLE `buku`
  MODIFY `id_buku` int(11) NOT NULL AUTO_INCREMENT, AUTO_INCREMENT=4;

--
-- AUTO_INCREMENT untuk tabel `detail_peminjaman`
--
ALTER TABLE `detail_peminjaman`
  MODIFY `id_detail` int(11) NOT NULL AUTO_INCREMENT, AUTO_INCREMENT=3;

--
-- AUTO_INCREMENT untuk tabel `peminjaman`
--
ALTER TABLE `peminjaman`
  MODIFY `id_peminjaman` int(11) NOT NULL AUTO_INCREMENT, AUTO_INCREMENT=3;

--
-- AUTO_INCREMENT untuk tabel `pengembalian`
--
ALTER TABLE `pengembalian`
  MODIFY `id_pengembalian` int(11) NOT NULL AUTO_INCREMENT, AUTO_INCREMENT=3;

--
-- Ketidakleluasaan untuk tabel pelimpahan (Dumped Tables)
--

--
-- Ketidakleluasaan untuk tabel `detail_peminjaman`
--
ALTER TABLE `detail_peminjaman`
  ADD CONSTRAINT `detail_peminjaman_ibfk_1` FOREIGN KEY (`id_peminjaman`) REFERENCES `peminjaman` (`id_peminjaman`),
  ADD CONSTRAINT `detail_peminjaman_ibfk_2` FOREIGN KEY (`id_buku`) REFERENCES `buku` (`id_buku`);

--
-- Ketidakleluasaan untuk tabel `peminjaman`
--
ALTER TABLE `peminjaman`
  ADD CONSTRAINT `peminjaman_ibfk_1` FOREIGN KEY (`id_anggota`) REFERENCES `anggota` (`id_anggota`),
  ADD CONSTRAINT `peminjaman_ibfk_2` FOREIGN KEY (`id_petugas`) REFERENCES `petugas` (`id_petugas`);

--
-- Ketidakleluasaan untuk tabel `pengembalian`
--
ALTER TABLE `pengembalian`
  ADD CONSTRAINT `pengembalian_ibfk_1` FOREIGN KEY (`id_detail`) REFERENCES `detail_peminjaman` (`id_detail`);
COMMIT;

/*!40101 SET CHARACTER_SET_CLIENT=@OLD_CHARACTER_SET_CLIENT */;
/*!40101 SET CHARACTER_SET_RESULTS=@OLD_CHARACTER_SET_RESULTS */;
/*!40101 SET COLLATION_CONNECTION=@OLD_COLLATION_CONNECTION */;
